{"cameraMode":{"drawMode":0,"name":"Shaded","section":"Shading Mode"},"sceneLighting":true,"audioPlay":false,"sceneViewState":{"showFog":true,"showMaterialUpdate":false,"showSkybox":true,"showFlares":true,"showImageEffects":true,"showParticleSystems":true,"showVisualEffectGraphs":true,"m_FxEnabled":true},"in2DMode":false,"pivot":{"x":-0.3198421001434326,"y":-0.01685781031847,"z":0.009974947199225426},"rotation":{"x":-0.013008293695747853,"y":0.7035858631134033,"z":-0.012883792631328106,"w":-0.7103740572929382},"size":2.4073948860168459,"orthographic":false}